"2018-01-10 00:29:21",undefined,"Access temporarily unavailable. Please try again in 805 seconds",0,-,http://feoro.ru/admin/index.php,87.97.168.32
"2018-01-10 00:57:26",undefined,"Incorrect authentication data",4,-,http://feoro.ru/admin/index.php,87.97.168.32
"2018-01-10 05:53:04",undefined,"Attempt to access market by unregistered user was denied",4,-,http://feoro.ru/admin/market/index.php,74.220.219.109
"2018-01-10 07:19:52",undefined,"Incorrect authentication data",4,-,http://feoro.ru/admin/index.php,178.33.45.73
"2018-01-10 07:50:19",undefined,"Incorrect authentication data",4,-,http://feoro.ru/admin/index.php,84.1.243.113
"2018-01-10 08:20:23",undefined,"Incorrect authentication data",4,-,http://feoro.ru/admin/index.php,84.1.243.113
"2018-01-10 10:34:42",undefined,"Incorrect authentication data",4,-,http://feoro.ru/admin/index.php,84.1.243.113
"2018-01-10 11:39:04",undefined,"Incorrect authentication data",4,-,http://feoro.ru/admin/index.php,84.1.243.113
"2018-01-10 17:47:12",undefined,"Incorrect authentication data",4,-,http://feoro.ru/admin/index.php,84.1.243.113
"2018-01-10 19:24:15",undefined,"Incorrect authentication data",4,-,http://feoro.ru/admin/index.php,84.1.243.113
"2018-01-10 20:17:33",undefined,"Incorrect authentication data",4,-,http://feoro.ru/admin/index.php,84.1.243.113
